﻿<?xml version="1.0" encoding="utf-8" standalone="yes"?>
<InfoWarnings>
  <Info>Begin full analysis with NDepend v6.2.1.8630</Info>
  <Info>No Baseline for Comparison loaded.</Info>
  <Info>Concurrent mode</Info>
  <Info>.NET Assembly loaded from {C:\dev\AutoMapper\src\UnitTests\bin\Debug} 
   AutoMapper.dll   v0.0.0.0</Info>
  <Info>.NET Assemblies loaded from {C:\WINDOWS\Microsoft.NET\Framework\v4.0.30319} 
   mscorlib.dll   v4.0.0.0
   System.Core.dll   v4.0.0.0
   System.dll   v4.0.0.0
   Microsoft.CSharp.dll   v4.0.0.0</Info>
  <Warning>No application or third party assembly found in directory {C:\WINDOWS\Microsoft.NET\Framework\v4.0.30319\WPF}</Warning>
  <Info>113 source files parsed ; all source files found ; all source files in-sync with PDB</Info>
  <Info>0 code rule has been extracted from code.</Info>
  <Info>No dependency cycle detected in assemblies referencement graph.</Info>
  <Info>Do merge code generated by compiler into application code.</Info>
  <Info>Log trend metrics values.</Info>
  <Info>NDepend analysis done. Duration: 00:06</Info>
</InfoWarnings>